framework,method,budget,seed,rounds,best_epoch,best_test_accuracy,final_test_accuracy,final_test_loss,num_selected
fully_supervised,kcenter,10,42,2,30,0.1557,0.1557,12.710456492614746,10
fully_supervised,uncertainty,10,42,2,25,0.1638,0.1638,27.421685818481446,10
fully_supervised,margin,10,42,2,9,0.1251,0.1251,69.01668198242187,10
fully_supervised,entropy,10,42,2,30,0.1289,0.1289,16.370182955932616,10
fully_supervised,dbal,10,42,2,29,0.1367,0.1367,27.46923941040039,10
fully_supervised,bald,10,42,2,26,0.1579,0.1579,15.60981390991211,10
fully_supervised,badge,10,42,2,26,0.1435,0.1435,13.174593576049805,10
fully_supervised,random,10,42,2,29,0.157,0.157,11.715123588562012,10
fully_supervised,tpcrand,10,42,2,30,0.1557,0.1557,7.225281757354736,10
fully_supervised,tpcrp,10,42,2,29,0.1471,0.1471,9.122993869018554,10
fully_supervised,tpcinv,10,42,2,3,0.1004,0.1004,7.942233190917968,10
fully_supervised,tpcnoclust,10,42,2,1,0.1,0.1,15.406426055908202,10
fully_supervised,tpcrp_ccfl,10,42,2,30,0.1614,0.1614,6.960673725891113,10
fully_supervised,kcenter,20,42,2,27,0.1861,0.1861,8.096952262878418,20
fully_supervised,uncertainty,20,42,2,25,0.1837,0.1837,9.525034347534179,20
fully_supervised,margin,20,42,2,26,0.157,0.157,12.992583934020995,20
fully_supervised,entropy,20,42,2,28,0.1682,0.1682,9.192220384979247,20
fully_supervised,dbal,20,42,2,29,0.1649,0.1649,10.907553201293945,20
fully_supervised,bald,20,42,2,28,0.165,0.165,8.805983088684082,20
fully_supervised,badge,20,42,2,27,0.1826,0.1826,5.892647177124023,20
fully_supervised,random,20,42,2,30,0.1733,0.1733,8.20991997833252,20
fully_supervised,tpcrand,20,42,2,22,0.1674,0.1674,5.641820001220703,20
fully_supervised,tpcrp,20,42,2,30,0.1866,0.1866,5.0428410888671875,20
fully_supervised,tpcinv,20,42,2,27,0.1238,0.1238,9.726459606933593,20
fully_supervised,tpcnoclust,20,42,2,1,0.1,0.1,15.092357177734375,20
fully_supervised,tpcrp_ccfl,20,42,2,30,0.1907,0.1907,4.998329400634765,20
fully_supervised,kcenter,50,42,2,30,0.2188,0.2188,2.63040883102417,50
fully_supervised,uncertainty,50,42,2,30,0.1892,0.1892,4.432267625427246,50
fully_supervised,margin,50,42,2,30,0.1831,0.1831,3.4400971496582033,50
fully_supervised,entropy,50,42,2,30,0.186,0.186,5.129620173645019,50
fully_supervised,dbal,50,42,2,30,0.1728,0.1728,5.946149681854248,50
fully_supervised,bald,50,42,2,30,0.1906,0.1906,4.871228679275513,50
fully_supervised,badge,50,42,2,30,0.2025,0.2025,4.808551320266724,50
fully_supervised,random,50,42,2,30,0.168,0.168,4.062012016296387,50
fully_supervised,tpcrand,50,42,2,30,0.2391,0.2391,2.458105625915527,50
fully_supervised,tpcrp,50,42,2,29,0.234,0.234,4.040490629577636,50
fully_supervised,tpcinv,50,42,2,27,0.155,0.155,4.6048151329040525,50
fully_supervised,tpcnoclust,50,42,2,1,0.1,0.1,14.81778311767578,50
fully_supervised,tpcrp_ccfl,50,42,2,30,0.2264,0.2264,3.4242046993255615,50
fully_supervised,kcenter,100,42,2,30,0.2665,0.2665,2.843017943572998,100
fully_supervised,uncertainty,100,42,2,25,0.233,0.233,4.07429892654419,100
fully_supervised,margin,100,42,2,30,0.2457,0.2457,3.417861038970947,100
fully_supervised,entropy,100,42,2,30,0.2385,0.2385,3.3723073402404786,100
fully_supervised,dbal,100,42,2,30,0.2251,0.2251,4.073370428848267,100
fully_supervised,bald,100,42,2,28,0.2328,0.2328,3.3285984733581544,100
fully_supervised,badge,100,42,2,30,0.2648,0.2648,3.2996858406066893,100
fully_supervised,random,100,42,2,30,0.2608,0.2608,3.2649398986816407,100
fully_supervised,tpcrand,100,42,2,21,0.2826,0.2826,3.207615241241455,100
fully_supervised,tpcrp,100,42,2,30,0.3156,0.3156,3.147473988723755,100
fully_supervised,tpcinv,100,42,2,17,0.1844,0.1844,4.6557472213745115,100
fully_supervised,tpcnoclust,100,42,2,1,0.1,0.1,20.245720208740234,100
fully_supervised,tpcrp_ccfl,100,42,2,29,0.2852,0.2852,3.0872875038146974,100
fully_supervised,kcenter,200,42,2,26,0.2831,0.2831,2.0523017322540285,200
fully_supervised,uncertainty,200,42,2,27,0.2282,0.2282,2.3414968494415285,200
fully_supervised,margin,200,42,2,29,0.2475,0.2475,2.1821455360412596,200
fully_supervised,entropy,200,42,2,21,0.2637,0.2637,2.243919107055664,200
fully_supervised,dbal,200,42,2,27,0.2291,0.2291,2.1865412378311158,200
fully_supervised,bald,200,42,2,30,0.2428,0.2428,2.234855768966675,200
fully_supervised,badge,200,42,2,30,0.3003,0.3003,2.2130229488372803,200
fully_supervised,random,200,42,2,30,0.2974,0.2974,2.1154373405456544,200
fully_supervised,tpcrand,200,42,2,28,0.2879,0.2879,2.009521272277832,200
fully_supervised,tpcrp,200,42,2,26,0.3523,0.3523,2.0040288703918456,200
fully_supervised,tpcinv,200,42,2,24,0.2189,0.2189,2.2432564880371095,200
fully_supervised,tpcnoclust,200,42,2,27,0.1867,0.1867,6.1965662910461425,200
fully_supervised,tpcrp_ccfl,200,42,2,29,0.3496,0.3496,2.152424213409424,200
fully_supervised,kcenter,10,43,2,29,0.166,0.166,12.177962747192383,10
fully_supervised,uncertainty,10,43,2,30,0.1339,0.1339,15.827558828735352,10
fully_supervised,margin,10,43,2,27,0.1659,0.1659,11.356815133666991,10
fully_supervised,entropy,10,43,2,30,0.1215,0.1215,20.526712269592284,10
fully_supervised,dbal,10,43,2,30,0.1253,0.1253,19.868109187316893,10
fully_supervised,bald,10,43,2,30,0.1377,0.1377,19.95581424255371,10
fully_supervised,badge,10,43,2,25,0.127,0.127,23.908434619140625,10
fully_supervised,random,10,43,2,29,0.1314,0.1314,18.7294375579834,10
fully_supervised,tpcrand,10,43,2,30,0.1427,0.1427,19.983542059326172,10
fully_supervised,tpcrp,10,43,2,30,0.1412,0.1412,8.37623069152832,10
fully_supervised,tpcinv,10,43,2,26,0.1076,0.1076,23.038267935180663,10
fully_supervised,tpcnoclust,10,43,2,1,0.1,0.1,10.048146755981445,10
fully_supervised,tpcrp_ccfl,10,43,2,30,0.1626,0.1626,7.295535577392578,10
fully_supervised,kcenter,20,43,2,21,0.1543,0.1543,8.75213172454834,20
fully_supervised,uncertainty,20,43,2,28,0.2035,0.2035,5.881812327575684,20
fully_supervised,margin,20,43,2,19,0.2193,0.2193,6.761962712860107,20
fully_supervised,entropy,20,43,2,28,0.2228,0.2228,4.640549278259277,20
fully_supervised,dbal,20,43,2,30,0.1866,0.1866,5.5448002342224125,20
fully_supervised,bald,20,43,2,23,0.1882,0.1882,7.025615339660645,20
fully_supervised,badge,20,43,2,27,0.2057,0.2057,5.684494355773926,20
fully_supervised,random,20,43,2,21,0.1744,0.1744,8.317630920410156,20
fully_supervised,tpcrand,20,43,2,26,0.1634,0.1634,9.12454441986084,20
fully_supervised,tpcrp,20,43,2,30,0.1924,0.1924,3.8236714073181153,20
fully_supervised,tpcinv,20,43,2,7,0.147,0.147,12.21164513244629,20
fully_supervised,tpcnoclust,20,43,2,1,0.1,0.1,9.762877684020996,20
fully_supervised,tpcrp_ccfl,20,43,2,30,0.1927,0.1927,4.222257276916504,20
fully_supervised,kcenter,50,43,2,30,0.214,0.214,2.7780208503723145,50
fully_supervised,uncertainty,50,43,2,30,0.1699,0.1699,3.976497618103027,50
fully_supervised,margin,50,43,2,30,0.2037,0.2037,3.2222122268676756,50
fully_supervised,entropy,50,43,2,30,0.1719,0.1719,5.746936186981201,50
fully_supervised,dbal,50,43,2,25,0.1807,0.1807,6.221826607513428,50
fully_supervised,bald,50,43,2,27,0.2091,0.2091,3.0970114570617677,50
fully_supervised,badge,50,43,2,28,0.232,0.232,2.693544373703003,50
fully_supervised,random,50,43,2,13,0.1807,0.1807,4.186318888854981,50
fully_supervised,tpcrand,50,43,2,27,0.2021,0.2021,4.007513019561768,50
fully_supervised,tpcrp,50,43,2,30,0.2221,0.2221,3.4015172245025633,50
fully_supervised,tpcinv,50,43,2,29,0.1836,0.1836,3.3256208282470703,50
fully_supervised,tpcnoclust,50,43,2,1,0.1,0.1,9.9131490524292,50
fully_supervised,tpcrp_ccfl,50,43,2,27,0.2318,0.2318,4.028934579467774,50
fully_supervised,kcenter,100,43,2,22,0.2715,0.2715,2.9104789463043215,100
fully_supervised,uncertainty,100,43,2,30,0.2665,0.2665,3.3914358322143556,100
fully_supervised,margin,100,43,2,30,0.2569,0.2569,3.7454029682159424,100
fully_supervised,entropy,100,43,2,30,0.2611,0.2611,3.464851804351807,100
fully_supervised,dbal,100,43,2,27,0.2687,0.2687,3.2635182006835937,100
fully_supervised,bald,100,43,2,22,0.2318,0.2318,2.8802897079467775,100
fully_supervised,badge,100,43,2,22,0.28,0.28,2.6209646125793458,100
fully_supervised,random,100,43,2,28,0.2606,0.2606,3.470891459655762,100
fully_supervised,tpcrand,100,43,2,23,0.2679,0.2679,2.8861586990356445,100
fully_supervised,tpcrp,100,43,2,25,0.2963,0.2963,2.903901223373413,100
fully_supervised,tpcinv,100,43,2,22,0.2035,0.2035,4.038712087631225,100
fully_supervised,tpcnoclust,100,43,2,1,0.1,0.1,14.434246664428711,100
fully_supervised,tpcrp_ccfl,100,43,2,30,0.2818,0.2818,3.016816018295288,100
fully_supervised,kcenter,200,43,2,22,0.2462,0.2462,2.0318823629379272,200
fully_supervised,uncertainty,200,43,2,28,0.2918,0.2918,2.2488683712005617,200
fully_supervised,margin,200,43,2,30,0.2614,0.2614,2.1510456274032594,200
fully_supervised,entropy,200,43,2,26,0.2747,0.2747,2.595516798400879,200
fully_supervised,dbal,200,43,2,29,0.2667,0.2667,2.4652229768753053,200
fully_supervised,bald,200,43,2,30,0.2712,0.2712,2.360748433685303,200
fully_supervised,badge,200,43,2,24,0.2932,0.2932,2.341793451499939,200
fully_supervised,random,200,43,2,28,0.2657,0.2657,2.2718430850982667,200
fully_supervised,tpcrand,200,43,2,30,0.2714,0.2714,2.061227101135254,200
fully_supervised,tpcrp,200,43,2,30,0.3528,0.3528,1.9936745534896851,200
fully_supervised,tpcinv,200,43,2,13,0.2012,0.2012,2.7440139923095703,200
fully_supervised,tpcnoclust,200,43,2,30,0.1756,0.1756,6.219613558959961,200
fully_supervised,tpcrp_ccfl,200,43,2,28,0.3011,0.3011,2.0653059383392334,200
fully_supervised,kcenter,10,44,2,29,0.1534,0.1534,10.93650262298584,10
fully_supervised,uncertainty,10,44,2,10,0.145,0.145,24.018379846191408,10
fully_supervised,margin,10,44,2,30,0.1506,0.1506,18.23935041809082,10
fully_supervised,entropy,10,44,2,6,0.1416,0.1416,11.241897576904297,10
fully_supervised,dbal,10,44,2,23,0.1349,0.1349,27.435076147460936,10
fully_supervised,bald,10,44,2,30,0.1669,0.1669,9.974190408325196,10
fully_supervised,badge,10,44,2,30,0.1689,0.1689,9.732240786743164,10
fully_supervised,random,10,44,2,30,0.181,0.181,11.690735581970214,10
fully_supervised,tpcrand,10,44,2,29,0.1488,0.1488,16.897632034301758,10
fully_supervised,tpcrp,10,44,2,30,0.1601,0.1601,7.94773804321289,10
fully_supervised,tpcinv,10,44,2,2,0.1,0.1,4.988181539916992,10
fully_supervised,tpcnoclust,10,44,2,1,0.1,0.1,7.753277288818359,10
fully_supervised,tpcrp_ccfl,10,44,2,30,0.171,0.171,6.399101086425781,10
fully_supervised,kcenter,20,44,2,29,0.1693,0.1693,7.923600226593018,20
fully_supervised,uncertainty,20,44,2,30,0.1688,0.1688,6.541373754882812,20
fully_supervised,margin,20,44,2,27,0.1618,0.1618,7.360119303131103,20
fully_supervised,entropy,20,44,2,30,0.1668,0.1668,7.934058532714844,20
fully_supervised,dbal,20,44,2,30,0.1493,0.1493,7.744404197692871,20
fully_supervised,bald,20,44,2,30,0.1684,0.1684,5.667296269989014,20
fully_supervised,badge,20,44,2,30,0.1644,0.1644,7.6095616775512696,20
fully_supervised,random,20,44,2,28,0.1678,0.1678,8.803370716094971,20
fully_supervised,tpcrand,20,44,2,30,0.1915,0.1915,6.5107353454589845,20
fully_supervised,tpcrp,20,44,2,30,0.1939,0.1939,5.457313660430908,20
fully_supervised,tpcinv,20,44,2,1,0.1162,0.1162,2.937972847747803,20
fully_supervised,tpcnoclust,20,44,2,1,0.1,0.1,7.6129194946289065,20
fully_supervised,tpcrp_ccfl,20,44,2,30,0.2051,0.2051,4.111134038543701,20
fully_supervised,kcenter,50,44,2,30,0.1921,0.1921,2.812025535583496,50
fully_supervised,uncertainty,50,44,2,30,0.1971,0.1971,4.040552921295166,50
fully_supervised,margin,50,44,2,30,0.2074,0.2074,4.673237036895752,50
fully_supervised,entropy,50,44,2,30,0.2004,0.2004,4.6283165668487545,50
fully_supervised,dbal,50,44,2,30,0.1897,0.1897,5.193609471893311,50
fully_supervised,bald,50,44,2,30,0.2204,0.2204,4.024057611846924,50
fully_supervised,badge,50,44,2,30,0.1904,0.1904,5.268029388427735,50
fully_supervised,random,50,44,2,30,0.1998,0.1998,5.997113970947265,50
fully_supervised,tpcrand,50,44,2,30,0.2114,0.2114,3.274852735519409,50
fully_supervised,tpcrp,50,44,2,29,0.2394,0.2394,2.8902090114593504,50
fully_supervised,tpcinv,50,44,2,12,0.1686,0.1686,4.655327734375,50
fully_supervised,tpcnoclust,50,44,2,1,0.1,0.1,7.840704347229004,50
fully_supervised,tpcrp_ccfl,50,44,2,29,0.2264,0.2264,3.5050395801544187,50
fully_supervised,kcenter,100,44,2,23,0.2638,0.2638,2.7848939445495606,100
fully_supervised,uncertainty,100,44,2,19,0.2595,0.2595,3.668853193664551,100
fully_supervised,margin,100,44,2,30,0.2741,0.2741,3.8715969451904297,100
fully_supervised,entropy,100,44,2,21,0.2423,0.2423,4.176887115478515,100
fully_supervised,dbal,100,44,2,28,0.2655,0.2655,3.813751720428467,100
fully_supervised,bald,100,44,2,30,0.2434,0.2434,3.5076715950012205,100
fully_supervised,badge,100,44,2,21,0.2627,0.2627,2.916805422210693,100
fully_supervised,random,100,44,2,30,0.2475,0.2475,3.547259297180176,100
fully_supervised,tpcrand,100,44,2,30,0.2938,0.2938,2.715112090301514,100
fully_supervised,tpcrp,100,44,2,25,0.29,0.29,3.2739139820098875,100
fully_supervised,tpcinv,100,44,2,20,0.2126,0.2126,3.5103954010009764,100
fully_supervised,tpcnoclust,100,44,2,1,0.1,0.1,11.988760691833496,100
fully_supervised,tpcrp_ccfl,100,44,2,28,0.2957,0.2957,3.1998558570861815,100
fully_supervised,kcenter,200,44,2,24,0.2626,0.2626,2.092893112182617,200
fully_supervised,uncertainty,200,44,2,29,0.2328,0.2328,2.4731191272735598,200
fully_supervised,margin,200,44,2,30,0.2699,0.2699,2.551798487854004,200
fully_supervised,entropy,200,44,2,29,0.2372,0.2372,3.2600517324447633,200
fully_supervised,dbal,200,44,2,28,0.2056,0.2056,2.7998281120300295,200
fully_supervised,bald,200,44,2,23,0.2532,0.2532,2.4916987520217897,200
fully_supervised,badge,200,44,2,24,0.2782,0.2782,2.3262356019973756,200
fully_supervised,random,200,44,2,24,0.3033,0.3033,2.0145173961639404,200
fully_supervised,tpcrand,200,44,2,30,0.2888,0.2888,2.173817767715454,200
fully_supervised,tpcrp,200,44,2,24,0.3122,0.3122,2.027927268218994,200
fully_supervised,tpcinv,200,44,2,29,0.2026,0.2026,2.728223288345337,200
fully_supervised,tpcnoclust,200,44,2,30,0.1964,0.1964,6.266892060852051,200
fully_supervised,tpcrp_ccfl,200,44,2,29,0.2946,0.2946,2.056939253616333,200
ssl_embedding,kcenter,10,42,2,29,0.3818,0.3818,4.676179659140327,10
ssl_embedding,uncertainty,10,42,2,9,0.3901,0.3901,3.8071748812293316,10
ssl_embedding,margin,10,42,2,9,0.2777,0.2777,5.03607630843007,10
ssl_embedding,entropy,10,42,2,9,0.2615,0.2615,5.623616002410441,10
ssl_embedding,dbal,10,42,2,9,0.3914,0.3914,3.835431814647207,10
ssl_embedding,bald,10,42,2,11,0.2911,0.2911,5.05244171407461,10
ssl_embedding,badge,10,42,2,9,0.3498,0.3498,2.6334871624210567,10
ssl_embedding,random,10,42,2,8,0.4147,0.4147,2.478149889901044,10
ssl_embedding,tpcrand,10,42,2,7,0.5363,0.5363,1.9801881416096854,10
ssl_embedding,tpcrp,10,42,2,4,0.5576,0.5576,1.9545829048674384,10
ssl_embedding,tpcinv,10,42,2,8,0.186,0.186,3.920993626160498,10
ssl_embedding,tpcnoclust,10,42,2,1,0.1,0.1,2.993215476329631,10
ssl_embedding,tpcrp_ccfl,10,42,2,4,0.6341,0.6341,1.8985079588673588,10
ssl_embedding,kcenter,20,42,2,7,0.5008,0.5008,2.828260676003186,20
ssl_embedding,uncertainty,20,42,2,12,0.5408,0.5408,1.926441503241241,20
ssl_embedding,margin,20,42,2,17,0.5497,0.5497,2.642810780193352,20
ssl_embedding,entropy,20,42,2,12,0.5203,0.5203,2.4082703081982917,20
ssl_embedding,dbal,20,42,2,12,0.4796,0.4796,2.433615419068544,20
ssl_embedding,bald,20,42,2,29,0.4542,0.4542,3.0062228564764757,20
ssl_embedding,badge,20,42,2,13,0.5478,0.5478,1.8758624959705983,20
ssl_embedding,random,20,42,2,10,0.5466,0.5466,2.462125794358462,20
ssl_embedding,tpcrand,20,42,2,13,0.5743,0.5743,1.371317184740625,20
ssl_embedding,tpcrp,20,42,2,13,0.6416,0.6416,1.239504348487928,20
ssl_embedding,tpcinv,20,42,2,11,0.2533,0.2533,4.439384079797293,20
ssl_embedding,tpcnoclust,20,42,2,1,0.1,0.1,2.99257924291277,20
ssl_embedding,tpcrp_ccfl,20,42,2,20,0.6945,0.6945,1.0254606188273836,20
ssl_embedding,kcenter,50,42,2,16,0.705,0.705,1.0518280586093671,50
ssl_embedding,uncertainty,50,42,2,14,0.6233,0.6233,1.5152005789059546,50
ssl_embedding,margin,50,42,2,20,0.6888,0.6888,1.0479704007185844,50
ssl_embedding,entropy,50,42,2,15,0.5949,0.5949,1.9448152267937924,50
ssl_embedding,dbal,50,42,2,15,0.5992,0.5992,1.9055321874526423,50
ssl_embedding,bald,50,42,2,14,0.5395,0.5395,2.005563120367301,50
ssl_embedding,badge,50,42,2,30,0.7167,0.7167,0.9728119220862691,50
ssl_embedding,random,50,42,2,21,0.6822,0.6822,1.0542580320580721,50
ssl_embedding,tpcrand,50,42,2,30,0.7403,0.7403,0.9031960433614257,50
ssl_embedding,tpcrp,50,42,2,23,0.7445,0.7445,0.8849558713134953,50
ssl_embedding,tpcinv,50,42,2,26,0.4192,0.4192,1.8620912791041593,50
ssl_embedding,tpcnoclust,50,42,2,1,0.1,0.1,3.0002417273908573,50
ssl_embedding,tpcrp_ccfl,50,42,2,17,0.7626,0.7626,0.8952960424838071,50
ssl_embedding,kcenter,100,42,2,11,0.7549,0.7549,1.2409473063751353,100
ssl_embedding,uncertainty,100,42,2,11,0.6774,0.6774,1.4148626699550864,100
ssl_embedding,margin,100,42,2,28,0.7443,0.7443,0.9645804121267947,100
ssl_embedding,entropy,100,42,2,15,0.7014,0.7014,1.274985090758749,100
ssl_embedding,dbal,100,42,2,12,0.6884,0.6884,1.3652232744413006,100
ssl_embedding,bald,100,42,2,16,0.6212,0.6212,1.5350582065947034,100
ssl_embedding,badge,100,42,2,28,0.7569,0.7569,0.9069998016855743,100
ssl_embedding,random,100,42,2,19,0.7197,0.7197,0.9855252924590088,100
ssl_embedding,tpcrand,100,42,2,29,0.7507,0.7507,0.8712457712240226,100
ssl_embedding,tpcrp,100,42,2,30,0.777,0.777,0.7953801438075309,100
ssl_embedding,tpcinv,100,42,2,26,0.4804,0.4804,1.6735904411677704,100
ssl_embedding,tpcnoclust,100,42,2,1,0.1,0.1,3.007966678828297,100
ssl_embedding,tpcrp_ccfl,100,42,2,27,0.7867,0.7867,0.770617321481568,100
ssl_embedding,kcenter,200,42,2,29,0.7653,0.7653,0.9313451513804357,200
ssl_embedding,uncertainty,200,42,2,29,0.719,0.719,1.0967137621956409,200
ssl_embedding,margin,200,42,2,20,0.7921,0.7921,0.9570167191129675,200
ssl_embedding,entropy,200,42,2,28,0.7328,0.7328,1.0778669081375443,200
ssl_embedding,dbal,200,42,2,29,0.7299,0.7299,1.089341964238532,200
ssl_embedding,bald,200,42,2,22,0.7232,0.7232,0.9866463857756699,200
ssl_embedding,badge,200,42,2,25,0.7748,0.7748,0.8815692228657559,200
ssl_embedding,random,200,42,2,14,0.7472,0.7472,1.0079643562849665,200
ssl_embedding,tpcrand,200,42,2,29,0.7803,0.7803,0.8214032464567564,200
ssl_embedding,tpcrp,200,42,2,29,0.7899,0.7899,0.7527953303155573,200
ssl_embedding,tpcinv,200,42,2,18,0.6539,0.6539,1.3195048219541055,200
ssl_embedding,tpcnoclust,200,42,2,13,0.3326,0.3326,4.833472799351286,200
ssl_embedding,tpcrp_ccfl,200,42,2,15,0.7932,0.7932,0.8573741509897743,200
ssl_embedding,kcenter,10,43,2,26,0.3785,0.3785,4.689083063663499,10
ssl_embedding,uncertainty,10,43,2,29,0.3573,0.3573,4.761267726836619,10
ssl_embedding,margin,10,43,2,9,0.4553,0.4553,3.108051431364358,10
ssl_embedding,entropy,10,43,2,28,0.4138,0.4138,3.657268197088847,10
ssl_embedding,dbal,10,43,2,8,0.3203,0.3203,4.407769558593007,10
ssl_embedding,bald,10,43,2,15,0.3041,0.3041,6.823309758293588,10
ssl_embedding,badge,10,43,2,23,0.4187,0.4187,3.7656662178937688,10
ssl_embedding,random,10,43,2,23,0.3882,0.3882,4.673367088548868,10
ssl_embedding,tpcrand,10,43,2,14,0.493,0.493,3.4172401748585624,10
ssl_embedding,tpcrp,10,43,2,24,0.554,0.554,1.4385036150088866,10
ssl_embedding,tpcinv,10,43,2,11,0.1328,0.1328,4.674975867735925,10
ssl_embedding,tpcnoclust,10,43,2,1,0.1,0.1,3.0124068490697633,10
ssl_embedding,tpcrp_ccfl,10,43,2,19,0.6237,0.6237,1.2710430128221335,10
ssl_embedding,kcenter,20,43,2,7,0.4984,0.4984,2.816086724832846,20
ssl_embedding,uncertainty,20,43,2,12,0.5959,0.5959,2.357009382697534,20
ssl_embedding,margin,20,43,2,12,0.6342,0.6342,1.8160101145102006,20
ssl_embedding,entropy,20,43,2,12,0.5741,0.5741,2.426484801743685,20
ssl_embedding,dbal,20,43,2,13,0.5702,0.5702,2.4283563516322664,20
ssl_embedding,bald,20,43,2,11,0.5445,0.5445,2.3339312842365922,20
ssl_embedding,badge,20,43,2,25,0.5946,0.5946,2.559683216671609,20
ssl_embedding,random,20,43,2,15,0.5978,0.5978,1.788123872970622,20
ssl_embedding,tpcrand,20,43,2,17,0.6246,0.6246,1.711547787091707,20
ssl_embedding,tpcrp,20,43,2,12,0.6928,0.6928,1.215190046560375,20
ssl_embedding,tpcinv,20,43,2,7,0.2285,0.2285,4.219215270815714,20
ssl_embedding,tpcnoclust,20,43,2,1,0.1,0.1,3.011993812169228,20
ssl_embedding,tpcrp_ccfl,20,43,2,18,0.7309,0.7309,1.0027465348102589,20
ssl_embedding,kcenter,50,43,2,16,0.7062,0.7062,1.0518497896681458,50
ssl_embedding,uncertainty,50,43,2,28,0.6238,0.6238,1.1981900985217333,50
ssl_embedding,margin,50,43,2,12,0.6893,0.6893,1.2055726387574697,50
ssl_embedding,entropy,50,43,2,12,0.5567,0.5567,1.692899773752104,50
ssl_embedding,dbal,50,43,2,21,0.6268,0.6268,1.2248171825234713,50
ssl_embedding,bald,50,43,2,24,0.582,0.582,1.302241472790023,50
ssl_embedding,badge,50,43,2,26,0.6824,0.6824,1.0226479284511636,50
ssl_embedding,random,50,43,2,12,0.6588,0.6588,1.3030068428826649,50
ssl_embedding,tpcrand,50,43,2,21,0.6503,0.6503,1.0701852998697163,50
ssl_embedding,tpcrp,50,43,2,27,0.7507,0.7507,0.8740203493826378,50
ssl_embedding,tpcinv,50,43,2,30,0.4216,0.4216,1.8084380440694061,50
ssl_embedding,tpcnoclust,50,43,2,1,0.1,0.1,3.0191009225348173,50
ssl_embedding,tpcrp_ccfl,50,43,2,22,0.7539,0.7539,0.8541634199226282,50
ssl_embedding,kcenter,100,43,2,30,0.7558,0.7558,0.9032022918184052,100
ssl_embedding,uncertainty,100,43,2,30,0.71,0.71,1.097542884261737,100
ssl_embedding,margin,100,43,2,18,0.7301,0.7301,1.022738493947266,100
ssl_embedding,entropy,100,43,2,23,0.7039,0.7039,1.1474540817847843,100
ssl_embedding,dbal,100,43,2,26,0.7,0.7,1.1464483122996827,100
ssl_embedding,bald,100,43,2,28,0.6733,0.6733,1.1201306868087522,100
ssl_embedding,badge,100,43,2,17,0.755,0.755,0.9546164910294704,100
ssl_embedding,random,100,43,2,28,0.7409,0.7409,0.9074096326946787,100
ssl_embedding,tpcrand,100,43,2,12,0.7596,0.7596,1.074048658219979,100
ssl_embedding,tpcrp,100,43,2,13,0.7753,0.7753,0.9505974766867438,100
ssl_embedding,tpcinv,100,43,2,30,0.4774,0.4774,1.6162385154749446,100
ssl_embedding,tpcnoclust,100,43,2,1,0.1,0.1,3.026453727314664,100
ssl_embedding,tpcrp_ccfl,100,43,2,13,0.7831,0.7831,0.9243982246370468,100
ssl_embedding,kcenter,200,43,2,30,0.7653,0.7653,0.9317507496683187,200
ssl_embedding,uncertainty,200,43,2,12,0.7293,0.7293,1.4102079115156185,200
ssl_embedding,margin,200,43,2,29,0.7828,0.7828,0.910499961206083,200
ssl_embedding,entropy,200,43,2,14,0.7283,0.7283,1.3082554721513449,200
ssl_embedding,dbal,200,43,2,27,0.7258,0.7258,1.1055017925643686,200
ssl_embedding,bald,200,43,2,23,0.7181,0.7181,1.038234971137216,200
ssl_embedding,badge,200,43,2,30,0.7601,0.7601,0.8805933479358624,200
ssl_embedding,random,200,43,2,28,0.763,0.763,0.8474094663746133,200
ssl_embedding,tpcrand,200,43,2,28,0.7802,0.7802,0.8226122743468324,200
ssl_embedding,tpcrp,200,43,2,27,0.7908,0.7908,0.7490274624650245,200
ssl_embedding,tpcinv,200,43,2,29,0.679,0.679,1.28292466109044,200
ssl_embedding,tpcnoclust,200,43,2,13,0.3322,0.3322,4.828090229277805,200
ssl_embedding,tpcrp_ccfl,200,43,2,29,0.7792,0.7792,0.7601311630884293,200
ssl_embedding,kcenter,10,44,2,29,0.3782,0.3782,4.677045728933256,10
ssl_embedding,uncertainty,10,44,2,6,0.3947,0.3947,2.7102959046923765,10
ssl_embedding,margin,10,44,2,8,0.4193,0.4193,2.994640330289291,10
ssl_embedding,entropy,10,44,2,6,0.2682,0.2682,3.1973427586915597,10
ssl_embedding,dbal,10,44,2,6,0.2672,0.2672,3.2044804901979944,10
ssl_embedding,bald,10,44,2,7,0.2529,0.2529,4.078744348299151,10
ssl_embedding,badge,10,44,2,10,0.3261,0.3261,3.4783624833449025,10
ssl_embedding,random,10,44,2,9,0.4846,0.4846,2.5008487573819287,10
ssl_embedding,tpcrand,10,44,2,9,0.4727,0.4727,2.4904237521463792,10
ssl_embedding,tpcrp,10,44,2,22,0.556,0.556,1.4369148929363045,10
ssl_embedding,tpcinv,10,44,2,8,0.1844,0.1844,3.9681091498110734,10
ssl_embedding,tpcnoclust,10,44,2,1,0.1,0.1,3.0386101164670474,10
ssl_embedding,tpcrp_ccfl,10,44,2,15,0.6232,0.6232,1.2894499161806998,10
ssl_embedding,kcenter,20,44,2,7,0.4988,0.4988,2.8033164233333014,20
ssl_embedding,uncertainty,20,44,2,16,0.5107,0.5107,2.022965519602054,20
ssl_embedding,margin,20,44,2,16,0.5224,0.5224,1.9639367385060242,20
ssl_embedding,entropy,20,44,2,28,0.5215,0.5215,2.0044607532574426,20
ssl_embedding,dbal,20,44,2,18,0.5058,0.5058,2.0271781228967343,20
ssl_embedding,bald,20,44,2,23,0.4182,0.4182,2.5433746720678196,20
ssl_embedding,badge,20,44,2,16,0.5352,0.5352,1.389002938188973,20
ssl_embedding,random,20,44,2,15,0.5825,0.5825,1.2813958524171087,20
ssl_embedding,tpcrand,20,44,2,15,0.6833,0.6833,1.133050957869229,20
ssl_embedding,tpcrp,20,44,2,12,0.6981,0.6981,1.1746931275203287,20
ssl_embedding,tpcinv,20,44,2,14,0.2513,0.2513,4.5125759781481,20
ssl_embedding,tpcnoclust,20,44,2,1,0.1,0.1,3.0380184074791092,20
ssl_embedding,tpcrp_ccfl,20,44,2,16,0.725,0.725,1.0240675485459816,20
ssl_embedding,kcenter,50,44,2,16,0.7034,0.7034,1.0533997681071945,50
ssl_embedding,uncertainty,50,44,2,15,0.6002,0.6002,1.4464385031121891,50
ssl_embedding,margin,50,44,2,10,0.6883,0.6883,1.3509084171177868,50
ssl_embedding,entropy,50,44,2,17,0.5479,0.5479,1.8201379001555085,50
ssl_embedding,dbal,50,44,2,18,0.5796,0.5796,1.41588242566874,50
ssl_embedding,bald,50,44,2,15,0.5491,0.5491,1.877348387795448,50
ssl_embedding,badge,50,44,2,15,0.6795,0.6795,1.332429035306693,50
ssl_embedding,random,50,44,2,12,0.6758,0.6758,1.4217459194612279,50
ssl_embedding,tpcrand,50,44,2,13,0.6965,0.6965,1.1455085629705914,50
ssl_embedding,tpcrp,50,44,2,13,0.7653,0.7653,0.9762443918559794,50
ssl_embedding,tpcinv,50,44,2,19,0.3653,0.3653,2.0045557905978035,50
ssl_embedding,tpcnoclust,50,44,2,1,0.1,0.1,3.0443378691815766,50
ssl_embedding,tpcrp_ccfl,50,44,2,18,0.7681,0.7681,0.8526299763925049,50
ssl_embedding,kcenter,100,44,2,29,0.7564,0.7564,0.9026710279711275,100
ssl_embedding,uncertainty,100,44,2,14,0.6829,0.6829,1.250807043232526,100
ssl_embedding,margin,100,44,2,25,0.7446,0.7446,0.9405175896511553,100
ssl_embedding,entropy,100,44,2,14,0.697,0.697,1.359393783548146,100
ssl_embedding,dbal,100,44,2,13,0.6978,0.6978,1.3896179451269153,100
ssl_embedding,bald,100,44,2,13,0.6165,0.6165,1.61269153983799,100
ssl_embedding,badge,100,44,2,29,0.7493,0.7493,0.8762580351585296,100
ssl_embedding,random,100,44,2,26,0.6988,0.6988,1.0556949567334462,100
ssl_embedding,tpcrand,100,44,2,21,0.7524,0.7524,0.9060167353378622,100
ssl_embedding,tpcrp,100,44,2,27,0.7661,0.7661,0.8226363611450209,100
ssl_embedding,tpcinv,100,44,2,29,0.5541,0.5541,1.473588974503406,100
ssl_embedding,tpcnoclust,100,44,2,1,0.1,0.1,3.051052236196042,100
ssl_embedding,tpcrp_ccfl,100,44,2,11,0.7773,0.7773,1.0519642880220337,100
ssl_embedding,kcenter,200,44,2,27,0.7651,0.7651,0.933360240909906,200
ssl_embedding,uncertainty,200,44,2,29,0.7086,0.7086,1.1126753575333097,200
ssl_embedding,margin,200,44,2,13,0.7728,0.7728,1.1346943365380837,200
ssl_embedding,entropy,200,44,2,16,0.7378,0.7378,1.1614697896682673,200
ssl_embedding,dbal,200,44,2,17,0.7344,0.7344,1.1407443953534857,200
ssl_embedding,bald,200,44,2,17,0.6888,0.6888,1.1801986687005002,200
ssl_embedding,badge,200,44,2,27,0.7625,0.7625,0.8882315730409509,200
ssl_embedding,random,200,44,2,26,0.7642,0.7642,0.8464305546293712,200
ssl_embedding,tpcrand,200,44,2,26,0.7782,0.7782,0.8161963193543162,200
ssl_embedding,tpcrp,200,44,2,14,0.7935,0.7935,0.8792647621479386,200
ssl_embedding,tpcinv,200,44,2,29,0.6663,0.6663,1.2324449008599374,200
ssl_embedding,tpcnoclust,200,44,2,13,0.3308,0.3308,4.839606140430768,200
ssl_embedding,tpcrp_ccfl,200,44,2,27,0.7921,0.7921,0.7437307749978234,200
semi_supervised,kcenter,10,42,2,1,0.156,0.156,6.457654829519098,10
semi_supervised,uncertainty,10,42,2,1,0.262,0.262,8.379556559087353,10
semi_supervised,margin,10,42,2,1,0.262,0.262,8.379556559087353,10
semi_supervised,entropy,10,42,2,1,0.1788,0.1788,7.297169866607794,10
semi_supervised,dbal,10,42,2,1,0.3056,0.3056,9.232772682350562,10
semi_supervised,bald,10,42,2,1,0.1527,0.1527,8.339328292969132,10
semi_supervised,badge,10,42,2,1,0.2039,0.2039,7.767985317217756,10
semi_supervised,random,10,42,2,1,0.3148,0.3148,8.208273313147226,10
semi_supervised,tpcrand,10,42,2,1,0.263,0.263,9.220844983961987,10
semi_supervised,tpcrp,10,42,2,1,0.365,0.365,7.66545620066112,10
semi_supervised,tpcinv,10,42,2,1,0.1071,0.1071,2.6843927625982795,10
semi_supervised,tpcnoclust,10,42,2,1,0.1077,0.1077,2.2879990360983045,10
semi_supervised,tpcrp_ccfl,10,42,2,1,0.4328,0.4328,6.57467967457548,10
semi_supervised,kcenter,20,42,2,1,0.3592,0.3592,6.757672115589873,20
semi_supervised,uncertainty,20,42,2,1,0.4538,0.4538,7.875457607310562,20
semi_supervised,margin,20,42,2,1,0.4538,0.4538,7.875457607310562,20
semi_supervised,entropy,20,42,2,1,0.2387,0.2387,7.644694126709081,20
semi_supervised,dbal,20,42,2,1,0.403,0.403,7.767048446536821,20
semi_supervised,bald,20,42,2,1,0.2399,0.2399,7.609966226918296,20
semi_supervised,badge,20,42,2,1,0.3623,0.3623,7.7684048323169135,20
semi_supervised,random,20,42,2,1,0.3557,0.3557,10.854489233123662,20
semi_supervised,tpcrand,20,42,2,1,0.3621,0.3621,8.440588068764797,20
semi_supervised,tpcrp,20,42,2,1,0.5421,0.5421,7.01153582603684,20
semi_supervised,tpcinv,20,42,2,1,0.108,0.108,2.764471101170213,20
semi_supervised,tpcnoclust,20,42,2,1,0.1077,0.1077,2.2879990360983045,20
semi_supervised,tpcrp_ccfl,20,42,2,1,0.6065,0.6065,6.259941213339361,20
semi_supervised,kcenter,50,42,2,1,0.7054,0.7054,3.500167840415129,50
semi_supervised,uncertainty,50,42,2,1,0.6538,0.6538,4.353328228865408,50
semi_supervised,margin,50,42,2,1,0.636,0.636,4.380595884782513,50
semi_supervised,entropy,50,42,2,1,0.4563,0.4563,6.584753168651978,50
semi_supervised,dbal,50,42,2,1,0.6766,0.6766,4.264210997838699,50
semi_supervised,bald,50,42,2,1,0.4757,0.4757,5.862704050157989,50
semi_supervised,badge,50,42,2,1,0.7022,0.7022,4.285356077715451,50
semi_supervised,random,50,42,2,1,0.6098,0.6098,4.964106449555456,50
semi_supervised,tpcrand,50,42,2,1,0.6074,0.6074,4.511813047273293,50
semi_supervised,tpcrp,50,42,2,1,0.773,0.773,2.0744321035848117,50
semi_supervised,tpcinv,50,42,2,1,0.1145,0.1145,3.8572070137957786,50
semi_supervised,tpcnoclust,50,42,2,1,0.1282,0.1282,2.2878032787971994,50
semi_supervised,tpcrp_ccfl,50,42,2,1,0.7709,0.7709,2.1326958212871,50
semi_supervised,kcenter,100,42,2,1,0.7206,0.7206,2.2916590338049,100
semi_supervised,uncertainty,100,42,2,1,0.7276,0.7276,2.4779305784665415,100
semi_supervised,margin,100,42,2,1,0.7339,0.7339,2.438045794717707,100
semi_supervised,entropy,100,42,2,1,0.5693,0.5693,3.474633755501319,100
semi_supervised,dbal,100,42,2,1,0.7294,0.7294,2.3132617386045924,100
semi_supervised,bald,100,42,2,1,0.6717,0.6717,2.4427605485010346,100
semi_supervised,badge,100,42,2,1,0.7149,0.7149,2.4237171229020418,100
semi_supervised,random,100,42,2,1,0.6753,0.6753,2.870153966469563,100
semi_supervised,tpcrand,100,42,2,1,0.6932,0.6932,2.195324547000569,100
semi_supervised,tpcrp,100,42,2,1,0.7824,0.7824,1.3159249669999808,100
semi_supervised,tpcinv,100,42,2,1,0.1302,0.1302,7.607312369341093,100
semi_supervised,tpcnoclust,100,42,2,1,0.1475,0.1475,2.397571495817504,100
semi_supervised,tpcrp_ccfl,100,42,2,1,0.7924,0.7924,1.3151725830428416,100
semi_supervised,kcenter,200,42,2,1,0.7403,0.7403,1.497587878662384,200
semi_supervised,uncertainty,200,42,2,1,0.7583,0.7583,1.1730834388083664,200
semi_supervised,margin,200,42,2,1,0.7593,0.7593,1.079105994375213,200
semi_supervised,entropy,200,42,2,1,0.6938,0.6938,1.6993700861288565,200
semi_supervised,dbal,200,42,2,1,0.7579,0.7579,1.163446923030587,200
semi_supervised,bald,200,42,2,1,0.7683,0.7683,1.1645751396415995,200
semi_supervised,badge,200,42,2,1,0.7502,0.7502,1.2313346250108126,200
semi_supervised,random,200,42,2,1,0.7272,0.7272,1.3736809466803617,200
semi_supervised,tpcrand,200,42,2,1,0.7549,0.7549,1.2021433606855585,200
semi_supervised,tpcrp,200,42,2,1,0.7882,0.7882,0.9652934154355538,200
semi_supervised,tpcinv,200,42,2,1,0.2728,0.2728,8.270218780592334,200
semi_supervised,tpcnoclust,200,42,2,1,0.3721,0.3721,7.835990572946228,200
semi_supervised,tpcrp_ccfl,200,42,2,1,0.7853,0.7853,1.0197544523895168,200
semi_supervised,kcenter,10,43,2,1,0.156,0.156,6.457654829519098,10
semi_supervised,uncertainty,10,43,2,1,0.2456,0.2456,7.639013104638376,10
semi_supervised,margin,10,43,2,1,0.2456,0.2456,7.639013104638376,10
semi_supervised,entropy,10,43,2,1,0.1622,0.1622,5.537864425302205,10
semi_supervised,dbal,10,43,2,1,0.2097,0.2097,6.7956924373362915,10
semi_supervised,bald,10,43,2,1,0.1689,0.1689,6.565044572685648,10
semi_supervised,badge,10,43,2,1,0.212,0.212,6.871241434624771,10
semi_supervised,random,10,43,2,1,0.2765,0.2765,7.40080014067602,10
semi_supervised,tpcrand,10,43,2,1,0.2691,0.2691,7.740331971679344,10
semi_supervised,tpcrp,10,43,2,1,0.365,0.365,7.66545620066112,10
semi_supervised,tpcinv,10,43,2,1,0.0993,0.0993,2.8473051047780675,10
semi_supervised,tpcnoclust,10,43,2,1,0.1077,0.1077,2.2879990360983045,10
semi_supervised,tpcrp_ccfl,10,43,2,1,0.4328,0.4328,6.57467967457548,10
semi_supervised,kcenter,20,43,2,1,0.3592,0.3592,6.757672115589873,20
semi_supervised,uncertainty,20,43,2,1,0.4863,0.4863,7.709641639525145,20
semi_supervised,margin,20,43,2,1,0.4863,0.4863,7.709641639525145,20
semi_supervised,entropy,20,43,2,1,0.3258,0.3258,8.746670194783771,20
semi_supervised,dbal,20,43,2,1,0.4266,0.4266,9.630324231812077,20
semi_supervised,bald,20,43,2,1,0.3237,0.3237,8.628966701844423,20
semi_supervised,badge,20,43,2,1,0.4081,0.4081,8.448059957167828,20
semi_supervised,random,20,43,2,1,0.5306,0.5306,6.733899781920678,20
semi_supervised,tpcrand,20,43,2,1,0.466,0.466,6.8696998139941545,20
semi_supervised,tpcrp,20,43,2,1,0.5693,0.5693,6.558209496052035,20
semi_supervised,tpcinv,20,43,2,1,0.1071,0.1071,2.755118593040952,20
semi_supervised,tpcnoclust,20,43,2,1,0.1077,0.1077,2.2879990360983045,20
semi_supervised,tpcrp_ccfl,20,43,2,1,0.6051,0.6051,6.441750889295519,20
semi_supervised,kcenter,50,43,2,1,0.7054,0.7054,3.500167840415129,50
semi_supervised,uncertainty,50,43,2,1,0.663,0.663,3.705704845411095,50
semi_supervised,margin,50,43,2,1,0.6412,0.6412,3.5210662512701294,50
semi_supervised,entropy,50,43,2,1,0.505,0.505,6.531740013105319,50
semi_supervised,dbal,50,43,2,1,0.6611,0.6611,3.9999446505534695,50
semi_supervised,bald,50,43,2,1,0.6022,0.6022,4.603355868438714,50
semi_supervised,badge,50,43,2,1,0.6704,0.6704,4.682674804757307,50
semi_supervised,random,50,43,2,1,0.5589,0.5589,4.861091762517503,50
semi_supervised,tpcrand,50,43,2,1,0.6203,0.6203,3.7863341010499147,50
semi_supervised,tpcrp,50,43,2,1,0.7627,0.7627,2.1810826343563567,50
semi_supervised,tpcinv,50,43,2,1,0.1144,0.1144,5.328449100193612,50
semi_supervised,tpcnoclust,50,43,2,1,0.1282,0.1282,2.2878032787971994,50
semi_supervised,tpcrp_ccfl,50,43,2,1,0.7719,0.7719,2.100451315316593,50
semi_supervised,kcenter,100,43,2,1,0.7206,0.7206,2.2916590338049,100
semi_supervised,uncertainty,100,43,2,1,0.7069,0.7069,2.4530362738997455,100
semi_supervised,margin,100,43,2,1,0.7281,0.7281,2.218900464258308,100
semi_supervised,entropy,100,43,2,1,0.6045,0.6045,3.4505163659231664,100
semi_supervised,dbal,100,43,2,1,0.7159,0.7159,2.4780720709020136,100
semi_supervised,bald,100,43,2,1,0.6938,0.6938,2.3704663485474877,100
semi_supervised,badge,100,43,2,1,0.7136,0.7136,2.2501728342972567,100
semi_supervised,random,100,43,2,1,0.6817,0.6817,2.3512859444564733,100
semi_supervised,tpcrand,100,43,2,1,0.6974,0.6974,2.0821654140335997,100
semi_supervised,tpcrp,100,43,2,1,0.7848,0.7848,1.2345033975295716,100
semi_supervised,tpcinv,100,43,2,1,0.1522,0.1522,8.099667888763642,100
semi_supervised,tpcnoclust,100,43,2,1,0.1475,0.1475,2.397571495817504,100
semi_supervised,tpcrp_ccfl,100,43,2,1,0.7921,0.7921,1.1992609926988202,100
semi_supervised,kcenter,200,43,2,1,0.7403,0.7403,1.497587878662384,200
semi_supervised,uncertainty,200,43,2,1,0.7627,0.7627,1.2608990714507406,200
semi_supervised,margin,200,43,2,1,0.7766,0.7766,1.1526552389590483,200
semi_supervised,entropy,200,43,2,1,0.694,0.694,1.6359750379736036,200
semi_supervised,dbal,200,43,2,1,0.7655,0.7655,1.252755837362574,200
semi_supervised,bald,200,43,2,1,0.7617,0.7617,1.17385376305543,200
semi_supervised,badge,200,43,2,1,0.7426,0.7426,1.4732705717631323,200
semi_supervised,random,200,43,2,1,0.7479,0.7479,1.2348969072453335,200
semi_supervised,tpcrand,200,43,2,1,0.7609,0.7609,1.1832998211788235,200
semi_supervised,tpcrp,200,43,2,1,0.7907,0.7907,1.0530950146940283,200
semi_supervised,tpcinv,200,43,2,1,0.1924,0.1924,9.692338420063056,200
semi_supervised,tpcnoclust,200,43,2,1,0.3721,0.3721,7.835990572946228,200
semi_supervised,tpcrp_ccfl,200,43,2,1,0.7895,0.7895,1.093020105327616,200
semi_supervised,kcenter,10,44,2,1,0.156,0.156,6.457654829519098,10
semi_supervised,uncertainty,10,44,2,1,0.2544,0.2544,9.305524027026335,10
semi_supervised,margin,10,44,2,1,0.2544,0.2544,9.305524027026335,10
semi_supervised,entropy,10,44,2,1,0.1691,0.1691,8.172391974026775,10
semi_supervised,dbal,10,44,2,1,0.2161,0.2161,8.519697435132334,10
semi_supervised,bald,10,44,2,1,0.1727,0.1727,8.36765433462514,10
semi_supervised,badge,10,44,2,1,0.205,0.205,8.593682519854585,10
semi_supervised,random,10,44,2,1,0.2598,0.2598,9.21806593373936,10
semi_supervised,tpcrand,10,44,2,1,0.2055,0.2055,7.770498740394719,10
semi_supervised,tpcrp,10,44,2,1,0.365,0.365,7.66545620066112,10
semi_supervised,tpcinv,10,44,2,1,0.1071,0.1071,2.6843927625982795,10
semi_supervised,tpcnoclust,10,44,2,1,0.1077,0.1077,2.2879990360983045,10
semi_supervised,tpcrp_ccfl,10,44,2,1,0.4328,0.4328,6.57467967457548,10
semi_supervised,kcenter,20,44,2,1,0.3592,0.3592,6.757672115589873,20
semi_supervised,uncertainty,20,44,2,1,0.3444,0.3444,8.900014430865566,20
semi_supervised,margin,20,44,2,1,0.3444,0.3444,8.900014430865566,20
semi_supervised,entropy,20,44,2,1,0.2519,0.2519,8.733391261528412,20
semi_supervised,dbal,20,44,2,1,0.3931,0.3931,7.955743106398781,20
semi_supervised,bald,20,44,2,1,0.2405,0.2405,9.10099393523852,20
semi_supervised,badge,20,44,2,1,0.3565,0.3565,7.7995742522250975,20
semi_supervised,random,20,44,2,1,0.4343,0.4343,7.216554234697471,20
semi_supervised,tpcrand,20,44,2,1,0.5027,0.5027,6.570100293507161,20
semi_supervised,tpcrp,20,44,2,1,0.581,0.581,6.329563469875553,20
semi_supervised,tpcinv,20,44,2,1,0.1082,0.1082,3.133766872716175,20
semi_supervised,tpcnoclust,20,44,2,1,0.1077,0.1077,2.2879990360983045,20
semi_supervised,tpcrp_ccfl,20,44,2,1,0.6007,0.6007,6.242229757314928,20
semi_supervised,kcenter,50,44,2,1,0.7054,0.7054,3.500167840415129,50
semi_supervised,uncertainty,50,44,2,1,0.598,0.598,4.702414746604006,50
semi_supervised,margin,50,44,2,1,0.6072,0.6072,5.600126343551509,50
semi_supervised,entropy,50,44,2,1,0.4651,0.4651,6.816051570848683,50
semi_supervised,dbal,50,44,2,1,0.662,0.662,4.019309173110484,50
semi_supervised,bald,50,44,2,1,0.504,0.504,5.319058801938866,50
semi_supervised,badge,50,44,2,1,0.6569,0.6569,4.824554304861223,50
semi_supervised,random,50,44,2,1,0.5495,0.5495,5.915098990305927,50
semi_supervised,tpcrand,50,44,2,1,0.6285,0.6285,4.722141818821991,50
semi_supervised,tpcrp,50,44,2,1,0.762,0.762,1.8128162297907213,50
semi_supervised,tpcinv,50,44,2,1,0.1299,0.1299,6.286588274792215,50
semi_supervised,tpcnoclust,50,44,2,1,0.1282,0.1282,2.2878032787971994,50
semi_supervised,tpcrp_ccfl,50,44,2,1,0.7684,0.7684,1.9235339255206025,50
semi_supervised,kcenter,100,44,2,1,0.7206,0.7206,2.2916590338049,100
semi_supervised,uncertainty,100,44,2,1,0.7467,0.7467,1.8206507925544222,100
semi_supervised,margin,100,44,2,1,0.7344,0.7344,2.395140662926853,100
semi_supervised,entropy,100,44,2,1,0.6071,0.6071,4.250658113512121,100
semi_supervised,dbal,100,44,2,1,0.7234,0.7234,2.2267688604630593,100
semi_supervised,bald,100,44,2,1,0.6809,0.6809,2.2054523934391947,100
semi_supervised,badge,100,44,2,1,0.7192,0.7192,2.4243828616078313,100
semi_supervised,random,100,44,2,1,0.6789,0.6789,3.5732329079585097,100
semi_supervised,tpcrand,100,44,2,1,0.707,0.707,2.1719248415548535,100
semi_supervised,tpcrp,100,44,2,1,0.785,0.785,1.4557359856153504,100
semi_supervised,tpcinv,100,44,2,1,0.1748,0.1748,8.40747671253705,100
semi_supervised,tpcnoclust,100,44,2,1,0.1475,0.1475,2.397571495817504,100
semi_supervised,tpcrp_ccfl,100,44,2,1,0.7804,0.7804,1.3229571963520783,100
semi_supervised,kcenter,200,44,2,1,0.7403,0.7403,1.497587878662384,200
semi_supervised,uncertainty,200,44,2,1,0.763,0.763,1.5213461357616722,200
semi_supervised,margin,200,44,2,1,0.7742,0.7742,1.4232887734443198,200
semi_supervised,entropy,200,44,2,1,0.7076,0.7076,1.8716878792136278,200
semi_supervised,dbal,200,44,2,1,0.7574,0.7574,1.5814068301500264,200
semi_supervised,bald,200,44,2,1,0.7561,0.7561,1.4529337276926861,200
semi_supervised,badge,200,44,2,1,0.7372,0.7372,1.5873251933515844,200
semi_supervised,random,200,44,2,1,0.7376,0.7376,1.3849700195820855,200
semi_supervised,tpcrand,200,44,2,1,0.749,0.749,1.060046750285319,200
semi_supervised,tpcrp,200,44,2,1,0.8005,0.8005,0.9109830118729159,200
semi_supervised,tpcinv,200,44,2,1,0.2189,0.2189,9.02581125926079,200
semi_supervised,tpcnoclust,200,44,2,1,0.3721,0.3721,7.835990572946228,200
semi_supervised,tpcrp_ccfl,200,44,2,1,0.7902,0.7902,1.007039417826058,200